chrom,pos,ref,alt,indiv_name,norm_ref_count,norm_alt_count,tumor_ref_count,tumor_alt_count,alg
chr1,1167859,C,C,sample01,,,,,Test
chr1,1167872,T,TT,sample01,,,,,Test
chr1,1167951,GC,G,sample01,,,,,Test
chr1,20633667,G,A,sample01,,,,,Test
chr1,20633686,A,T,sample01,,,,,Test
chr1,177029377,C,G,sample01,,,,,Test
chr1,209432167,C,T,sample01,,,,,Test
chr1,209432234,G,A,sample01,,,,,Test
chr10,3991182,C,T,sample01,,,,,Test
chr10,3991252,A,T,sample01,,,,,Test
chr10,6152282,T,G,sample01,,,,,Test
chr10,17845137,C,A,sample01,,,,,Test
chr1,1167859,C,C,sample02,,,,,Test
chr1,1167872,T,TT,sample02,,,,,Test
chr1,1167951,GC,G,sample02,,,,,Test
chr1,20633667,G,A,sample02,,,,,Test
chr1,20633686,A,T,sample02,,,,,Test
chr1,177029377,C,G,sample02,,,,,Test
chr1,209432167,C,T,sample02,,,,,Test
chr1,209432234,G,A,sample02,,,,,Test
chr10,3991182,C,T,sample02,,,,,Test
chr10,3991252,A,T,sample02,,,,,Test
chr10,6152282,T,G,sample02,,,,,Test
chr10,17845137,C,A,sample02,,,,,Test
chr1,1167859,C,C,sample03,,,,,Test
chr1,1167872,T,TT,sample03,,,,,Test
chr1,1167951,GC,G,sample03,,,,,Test
chr1,20633667,G,A,sample03,,,,,Test
chr1,20633686,A,T,sample03,,,,,Test
chr1,177029377,C,G,sample03,,,,,Test
chr1,209432167,C,T,sample03,,,,,Test
chr1,209432234,G,A,sample03,,,,,Test
chr10,3991182,C,T,sample03,,,,,Test
chr10,3991252,A,T,sample03,,,,,Test
chr10,6152282,T,G,sample03,,,,,Test
chr10,17845137,C,A,sample03,,,,,Test
chr5,129097705,TGCCTGGCTAGCTCCTCCACAAATGCG,T,sample03,,,,,Test
chr5,154685821,TTA,TC,sample03,,,,,Test
