chrom,pos,ref,alt,indiv_name,alg,mutation_type,type_of_subst,name,id,start,stop,orientation,based_on_coordinates,arm,start_pre_build,type,pre_name,confidence,stop_pre_build,balance,mirgenedb_ID,no_of_loc,from_start,from_end,cut_region,duplex,seed,motifs_UAGGGAW,motifs_AUUUUUAUUUU,motifs_GGGU,motifs_GGAG,motifs_YGCY,motifs_UGC,motifs_UGU,motifs_AUCUU,motifs_SMUANY,motifs_CAUC,motifs_UAUAA,motifs_UUUUUCCNUCUUU,motifs_VCAUCH,motifs_GCAUG,motifs_CAGAC,motifs_UGUNNNNNNNUGU,motifs_GCAGCGC,motifs,weight,hgvs_g,hgvs
chr1,1167859,C,C,sample01,Test,subst,transition,hsa-mir-200a_flanking-5,MI0000737,1167853,1167877,+,yes,5p,1167863.0,flanking-5,hsa-mir-200a,High,1167952,3p,Hsa-Mir-8-P1a_pre,1,7,-19,0,0,0,-,-,-,-,-,-,-,-,-,-,-,-,-,-,-,-,-,0,1.0,NC_000001.11:g.1167859=,n.1-4C>C
chr1,1167859,C,C,sample02,Test,subst,transition,hsa-mir-200a_flanking-5,MI0000737,1167853,1167877,+,yes,5p,1167863.0,flanking-5,hsa-mir-200a,High,1167952,3p,Hsa-Mir-8-P1a_pre,1,7,-19,0,0,0,-,-,-,-,-,-,-,-,-,-,-,-,-,-,-,-,-,0,1.0,NC_000001.11:g.1167859=,n.1-4C>C
chr1,1167859,C,C,sample03,Test,subst,transition,hsa-mir-200a_flanking-5,MI0000737,1167853,1167877,+,yes,5p,1167863.0,flanking-5,hsa-mir-200a,High,1167952,3p,Hsa-Mir-8-P1a_pre,1,7,-19,0,0,0,-,-,-,-,-,-,-,-,-,-,-,-,-,-,-,-,-,0,1.0,NC_000001.11:g.1167859=,n.1-4C>C
chr1,1167872,T,TT,sample01,Test,ins,n.a.,hsa-mir-200a_flanking-5,MI0000737,1167853,1167877,+,yes,5p,1167863.0,flanking-5,hsa-mir-200a,High,1167952,3p,Hsa-Mir-8-P1a_pre,1,20,-6,0,0,0,-,-,-,-,-,-,-,-,-,-,-,-,-,-,-,-,-,0,1.0,NC_000001.11:g.1167872_1167873insT,n.9_10insT
chr1,1167872,T,TT,sample02,Test,ins,n.a.,hsa-mir-200a_flanking-5,MI0000737,1167853,1167877,+,yes,5p,1167863.0,flanking-5,hsa-mir-200a,High,1167952,3p,Hsa-Mir-8-P1a_pre,1,20,-6,0,0,0,-,-,-,-,-,-,-,-,-,-,-,-,-,-,-,-,-,0,1.0,NC_000001.11:g.1167872_1167873insT,n.9_10insT
chr1,1167872,T,TT,sample03,Test,ins,n.a.,hsa-mir-200a_flanking-5,MI0000737,1167853,1167877,+,yes,5p,1167863.0,flanking-5,hsa-mir-200a,High,1167952,3p,Hsa-Mir-8-P1a_pre,1,20,-6,0,0,0,-,-,-,-,-,-,-,-,-,-,-,-,-,-,-,-,-,0,1.0,NC_000001.11:g.1167872_1167873insT,n.9_10insT
chr1,1167951,GC,G,sample01,Test,del,n.a.,hsa-mir-200a_flanking-3,MI0000737,1167938,1167962,+,yes,3p,1167863.0,flanking-3,hsa-mir-200a,High,1167952,3p,Hsa-Mir-8-P1a_pre,1,14,-12,0,0,0,-,-,-,-,-,-,-,-,-,-,-,-,-,-,-,-,-,0,1.0,NC_000001.11:g.1167952del,n.90delC
chr1,1167951,GC,G,sample02,Test,del,n.a.,hsa-mir-200a_flanking-3,MI0000737,1167938,1167962,+,yes,3p,1167863.0,flanking-3,hsa-mir-200a,High,1167952,3p,Hsa-Mir-8-P1a_pre,1,14,-12,0,0,0,-,-,-,-,-,-,-,-,-,-,-,-,-,-,-,-,-,0,1.0,NC_000001.11:g.1167952del,n.90delC
chr1,1167951,GC,G,sample03,Test,del,n.a.,hsa-mir-200a_flanking-3,MI0000737,1167938,1167962,+,yes,3p,1167863.0,flanking-3,hsa-mir-200a,High,1167952,3p,Hsa-Mir-8-P1a_pre,1,14,-12,0,0,0,-,-,-,-,-,-,-,-,-,-,-,-,-,-,-,-,-,0,1.0,NC_000001.11:g.1167952del,n.90delC
chr1,20633667,G,A,sample01,Test,subst,transition,hsa-mir-6084_flanking-5,MI0020361,20633667,20633691,+,no,5p,20633679.0,flanking-5,hsa-mir-6084,Low,20633788,3p,,1,1,-25,0,0,0,-,-,-,-,-,-,-,-,-,-,-,-,-,-,-,-,-,0,1.0,NC_000001.11:g.20633667G>A,n.1-12G>A
chr1,20633667,G,A,sample02,Test,subst,transition,hsa-mir-6084_flanking-5,MI0020361,20633667,20633691,+,no,5p,20633679.0,flanking-5,hsa-mir-6084,Low,20633788,3p,,1,1,-25,0,0,0,-,-,-,-,-,-,-,-,-,-,-,-,-,-,-,-,-,0,1.0,NC_000001.11:g.20633667G>A,n.1-12G>A
chr1,20633667,G,A,sample03,Test,subst,transition,hsa-mir-6084_flanking-5,MI0020361,20633667,20633691,+,no,5p,20633679.0,flanking-5,hsa-mir-6084,Low,20633788,3p,,1,1,-25,0,0,0,-,-,-,-,-,-,-,-,-,-,-,-,-,-,-,-,-,0,1.0,NC_000001.11:g.20633667G>A,n.1-12G>A
chr1,20633686,A,T,sample01,Test,subst,transversion,hsa-mir-6084_flanking-5,MI0020361,20633667,20633691,+,no,5p,20633679.0,flanking-5,hsa-mir-6084,Low,20633788,3p,,1,20,-6,0,0,0,-,-,-,-,-,-,-,-,-,-,-,-,-,-,-,-,-,0,1.0,NC_000001.11:g.20633686A>T,n.8A>T
chr1,20633686,A,T,sample02,Test,subst,transversion,hsa-mir-6084_flanking-5,MI0020361,20633667,20633691,+,no,5p,20633679.0,flanking-5,hsa-mir-6084,Low,20633788,3p,,1,20,-6,0,0,0,-,-,-,-,-,-,-,-,-,-,-,-,-,-,-,-,-,0,1.0,NC_000001.11:g.20633686A>T,n.8A>T
chr1,20633686,A,T,sample03,Test,subst,transversion,hsa-mir-6084_flanking-5,MI0020361,20633667,20633691,+,no,5p,20633679.0,flanking-5,hsa-mir-6084,Low,20633788,3p,,1,20,-6,0,0,0,-,-,-,-,-,-,-,-,-,-,-,-,-,-,-,-,-,0,1.0,NC_000001.11:g.20633686A>T,n.8A>T
chr1,177029377,C,G,sample01,Test,subst,transversion,hsa-mir-488_post-seed,MI0003123,177029374,177029386,-,yes,3p,177029363.0,post-seed,hsa-mir-488,High,177029445,3p,Hsa-Mir-488_pre,1,10,-4,0,1,0,-,-,-,-,-,-,-,-,-,-,-,-,-,-,-,-,-,0,1.5,NC_000001.11:g.177029377C>G,n.69G>C
chr1,177029377,C,G,sample02,Test,subst,transversion,hsa-mir-488_post-seed,MI0003123,177029374,177029386,-,yes,3p,177029363.0,post-seed,hsa-mir-488,High,177029445,3p,Hsa-Mir-488_pre,1,10,-4,0,1,0,-,-,-,-,-,-,-,-,-,-,-,-,-,-,-,-,-,0,1.5,NC_000001.11:g.177029377C>G,n.69G>C
chr1,177029377,C,G,sample03,Test,subst,transversion,hsa-mir-488_post-seed,MI0003123,177029374,177029386,-,yes,3p,177029363.0,post-seed,hsa-mir-488,High,177029445,3p,Hsa-Mir-488_pre,1,10,-4,0,1,0,-,-,-,-,-,-,-,-,-,-,-,-,-,-,-,-,-,0,1.5,NC_000001.11:g.177029377C>G,n.69G>C
chr1,209432167,C,T,sample01,Test,subst,transition,hsa-mir-205_seed,MI0000285,209432167,209432173,+,yes,5p,209432133.0,seed,hsa-mir-205,High,209432242,5p,Hsa-Mir-205-P1_pre,1,1,-7,0,1,1,-,-,-,-,-,-,-,-,-,-,-,-,-,-,-,-,-,0,2.0,NC_000001.11:g.209432167C>T,n.35C>T
chr1,209432167,C,T,sample02,Test,subst,transition,hsa-mir-205_seed,MI0000285,209432167,209432173,+,yes,5p,209432133.0,seed,hsa-mir-205,High,209432242,5p,Hsa-Mir-205-P1_pre,1,1,-7,0,1,1,-,-,-,-,-,-,-,-,-,-,-,-,-,-,-,-,-,0,2.0,NC_000001.11:g.209432167C>T,n.35C>T
chr1,209432167,C,T,sample03,Test,subst,transition,hsa-mir-205_seed,MI0000285,209432167,209432173,+,yes,5p,209432133.0,seed,hsa-mir-205,High,209432242,5p,Hsa-Mir-205-P1_pre,1,1,-7,0,1,1,-,-,-,-,-,-,-,-,-,-,-,-,-,-,-,-,-,0,2.0,NC_000001.11:g.209432167C>T,n.35C>T
chr1,209432234,G,A,sample01,Test,subst,transition,hsa-mir-205_flanking-3,MI0000285,209432224,209432248,+,yes,3p,209432133.0,flanking-3,hsa-mir-205,High,209432242,5p,Hsa-Mir-205-P1_pre,1,11,-15,0,0,0,-,-,-,-,-,-,-,-,-,-,-,-,-,-,-,-,-,0,1.0,NC_000001.11:g.209432234G>A,n.102G>A
chr1,209432234,G,A,sample02,Test,subst,transition,hsa-mir-205_flanking-3,MI0000285,209432224,209432248,+,yes,3p,209432133.0,flanking-3,hsa-mir-205,High,209432242,5p,Hsa-Mir-205-P1_pre,1,11,-15,0,0,0,-,-,-,-,-,-,-,-,-,-,-,-,-,-,-,-,-,0,1.0,NC_000001.11:g.209432234G>A,n.102G>A
chr1,209432234,G,A,sample03,Test,subst,transition,hsa-mir-205_flanking-3,MI0000285,209432224,209432248,+,yes,3p,209432133.0,flanking-3,hsa-mir-205,High,209432242,5p,Hsa-Mir-205-P1_pre,1,11,-15,0,0,0,-,-,-,-,-,-,-,-,-,-,-,-,-,-,-,-,-,0,1.0,NC_000001.11:g.209432234G>A,n.102G>A
chr10,3991182,C,T,sample01,Test,subst,transition,hsa-mir-6078_seed,MI0020355,3991179,3991185,+,yes,5p,3991160.0,seed,hsa-mir-6078,Low,3991259,unknown,,1,4,-4,0,1,0,-,-,-,-,-,-,-,-,-,-,-,-,-,-,-,-,-,0,1.5,NC_000010.11:g.3991182C>T,n.23C>T
chr10,3991182,C,T,sample02,Test,subst,transition,hsa-mir-6078_seed,MI0020355,3991179,3991185,+,yes,5p,3991160.0,seed,hsa-mir-6078,Low,3991259,unknown,,1,4,-4,0,1,0,-,-,-,-,-,-,-,-,-,-,-,-,-,-,-,-,-,0,1.5,NC_000010.11:g.3991182C>T,n.23C>T
chr10,3991182,C,T,sample03,Test,subst,transition,hsa-mir-6078_seed,MI0020355,3991179,3991185,+,yes,5p,3991160.0,seed,hsa-mir-6078,Low,3991259,unknown,,1,4,-4,0,1,0,-,-,-,-,-,-,-,-,-,-,-,-,-,-,-,-,-,0,1.5,NC_000010.11:g.3991182C>T,n.23C>T
chr10,3991252,A,T,sample01,Test,subst,transversion,hsa-mir-6078_flanking-3,MI0020355,3991241,3991265,+,no,3p,3991160.0,flanking-3,hsa-mir-6078,Low,3991259,unknown,,1,12,-14,0,0,0,-,-,-,-,-,-,-,-,-,-,-,-,-,-,-,-,-,0,1.0,NC_000010.11:g.3991252A>T,n.93A>T
chr10,3991252,A,T,sample02,Test,subst,transversion,hsa-mir-6078_flanking-3,MI0020355,3991241,3991265,+,no,3p,3991160.0,flanking-3,hsa-mir-6078,Low,3991259,unknown,,1,12,-14,0,0,0,-,-,-,-,-,-,-,-,-,-,-,-,-,-,-,-,-,0,1.0,NC_000010.11:g.3991252A>T,n.93A>T
chr10,3991252,A,T,sample03,Test,subst,transversion,hsa-mir-6078_flanking-3,MI0020355,3991241,3991265,+,no,3p,3991160.0,flanking-3,hsa-mir-6078,Low,3991259,unknown,,1,12,-14,0,0,0,-,-,-,-,-,-,-,-,-,-,-,-,-,-,-,-,-,0,1.0,NC_000010.11:g.3991252A>T,n.93A>T
chr10,6152282,T,G,sample01,Test,subst,transversion,hsa-mir-3155b_flanking-5,MI0016839,6152263,6152287,-,no,5p,6152207.0,flanking-5,hsa-mir-3155b,Low,6152262,3p,,2,6,-20,0,0,0,-,-,-,-,-,-,-,-,-,-,-,-,-,-,-,-,-,0,1.0,NC_000010.11:g.6152282T>G,n.1-20A>C
chr10,6152282,T,G,sample01,Test,subst,transversion,hsa-mir-3155a_flanking-3,MI0014183,6152268,6152292,+,yes,3p,6152196.0,flanking-3,hsa-mir-3155a,Low,6152277,3p,,2,15,-11,0,0,0,-,-,-,-,-,-,-,-,-,-,-,-,-,-,-,-,-,0,1.0,NC_000010.11:g.6152282T>G,n.82+5T>G
chr10,6152282,T,G,sample02,Test,subst,transversion,hsa-mir-3155b_flanking-5,MI0016839,6152263,6152287,-,no,5p,6152207.0,flanking-5,hsa-mir-3155b,Low,6152262,3p,,2,6,-20,0,0,0,-,-,-,-,-,-,-,-,-,-,-,-,-,-,-,-,-,0,1.0,NC_000010.11:g.6152282T>G,n.1-20A>C
chr10,6152282,T,G,sample02,Test,subst,transversion,hsa-mir-3155a_flanking-3,MI0014183,6152268,6152292,+,yes,3p,6152196.0,flanking-3,hsa-mir-3155a,Low,6152277,3p,,2,15,-11,0,0,0,-,-,-,-,-,-,-,-,-,-,-,-,-,-,-,-,-,0,1.0,NC_000010.11:g.6152282T>G,n.82+5T>G
chr10,6152282,T,G,sample03,Test,subst,transversion,hsa-mir-3155b_flanking-5,MI0016839,6152263,6152287,-,no,5p,6152207.0,flanking-5,hsa-mir-3155b,Low,6152262,3p,,2,6,-20,0,0,0,-,-,-,-,-,-,-,-,-,-,-,-,-,-,-,-,-,0,1.0,NC_000010.11:g.6152282T>G,n.1-20A>C
chr10,6152282,T,G,sample03,Test,subst,transversion,hsa-mir-3155a_flanking-3,MI0014183,6152268,6152292,+,yes,3p,6152196.0,flanking-3,hsa-mir-3155a,Low,6152277,3p,,2,15,-11,0,0,0,-,-,-,-,-,-,-,-,-,-,-,-,-,-,-,-,-,0,1.0,NC_000010.11:g.6152282T>G,n.82+5T>G
chr10,17845137,C,A,sample01,Test,subst,transversion,hsa-mir-511_post-seed,MI0003127,17845130,17845142,+,yes,5p,17845107.0,post-seed,hsa-mir-511,High,17845193,3p,Hsa-Mir-511_pre,1,8,-6,0,1,0,-,-,-,-,-,-,-,-,-,-,-,-,-,-,-,-,-,0,1.5,NC_000010.11:g.17845137C>A,n.31C>A
chr10,17845137,C,A,sample02,Test,subst,transversion,hsa-mir-511_post-seed,MI0003127,17845130,17845142,+,yes,5p,17845107.0,post-seed,hsa-mir-511,High,17845193,3p,Hsa-Mir-511_pre,1,8,-6,0,1,0,-,-,-,-,-,-,-,-,-,-,-,-,-,-,-,-,-,0,1.5,NC_000010.11:g.17845137C>A,n.31C>A
chr10,17845137,C,A,sample03,Test,subst,transversion,hsa-mir-511_post-seed,MI0003127,17845130,17845142,+,yes,5p,17845107.0,post-seed,hsa-mir-511,High,17845193,3p,Hsa-Mir-511_pre,1,8,-6,0,1,0,-,-,-,-,-,-,-,-,-,-,-,-,-,-,-,-,-,0,1.5,NC_000010.11:g.17845137C>A,n.31C>A
chr5,129097705,TGCCTGGCTAGCTCCTCCACAAATGCG,T,sample03,Test,del,n.a.,hsa-mir-4633_seed,MI0017260,129097703,129097709,+,yes,5p,129097688.0,seed,hsa-mir-4633,Low,129097766,5p,,1,3,-5,0,1,1,-,-,-,-,-,-,-,-,-,-,-,-,-,-,-,-,-,0,2.0,NC_000005.10:g.129097706_129097731del,n.19_44delGCCTGGCTAGCTCCTCCACAAATGCG
chr5,154685821,TTA,TC,sample03,Test,indel,n.a.,hsa-mir-1303_loop,MI0006370,154685810,154685826,+,no,loop,154685776.0,loop,hsa-mir-1303,Low,154685861,3p,,1,12,-6,0,0,0,-,-,-,-,-,-,-,-,-,-,-,-,-,-,-,-,-,0,1.0,NC_000005.10:g.154685821_154685823delinsTC,n.46_48delinsTC
